Green,Green,2023-09-10T07:58:30
Green,Green,2023-09-11T07:58:30
Green,Green,2023-09-11T07:58:30
Green,Green,2023-09-11T07:58:30
Green,Green,2023-09-11T07:58:30
Green,Green,2023-09-11T07:58:30
Green,Green,2023-09-11T07:58:30
Green,Green,2023-09-11T07:58:30
Green,Green,2023-09-11T07:58:30
Green,Green,2023-09-12T07:58:30
Green,Green,2023-09-12T07:58:30
Green,Green,2023-09-12T07:58:30
Green,Green,2023-09-12T07:58:30
Green,Green,2023-09-12T07:58:30
Green,Green,2023-09-12T07:58:30
Green,Green,2023-09-12T07:58:30
Green,Green,2023-09-12T07:58:30
Green,Green,2023-09-12T07:58:30
Green,Green,2023-09-12T07:58:30
Green,Green,2023-09-12T07:58:30
Red,Red,2023-09-12T07:58:30
Red,Red,2023-09-12T07:58:30
Red,Red,2023-09-12T07:58:30
Red,Red,2023-09-12T07:58:30
Red,Red,2023-09-12T07:58:30
Red,Red,2023-09-12T07:58:30
Green,Red,2023-09-12T07:58:30
Green,Red,2023-09-12T07:58:30
Green,Red,2023-09-12T07:58:30
Green,Red,2023-09-12T07:58:30
Green,Red,2023-09-12T07:58:30
Green,Red,2023-09-12T07:58:30
Green,Red,2023-09-12T07:58:30
Green,Red,2023-09-12T07:58:30
Green,Green,2023-09-12T07:58:30
Green,Green,2023-09-12T07:58:30
Green,Green,2023-09-12T07:58:30
Green,Green,2023-09-13T07:58:30
Green,Green,2023-09-13T07:58:30
Green,Green,2023-09-13T07:58:30
Green,Green,2023-09-13T07:58:30
Green,Green,2023-09-13T07:58:30
Green,Green,2023-09-13T07:58:30
Green,Green,2023-09-13T07:58:30
Green,Green,2023-09-13T07:58:30
Green,Green,2023-09-13T07:58:30
Green,Green,2023-09-13T07:58:30
Green,Green,2023-09-13T07:58:30
Green,Green,2023-09-13T07:58:30
Green,Green,2023-09-14T07:58:30
Green,Green,2023-09-14T07:58:30
Green,Green,2023-09-14T07:58:30
Green,Green,2023-09-14T07:58:30
Green,Green,2023-09-14T07:58:30
Green,Green,2023-09-14T07:58:30
Green,Green,2023-09-14T07:58:30
Green,Green,2023-09-14T07:58:30
Green,Green,2023-09-14T07:58:30
Green,Green,2023-09-14T07:58:30
Green,Green,2023-09-15T07:58:30
Green,Green,2023-09-15T07:58:30
Green,Green,2023-09-15T07:58:30
Green,Green,2023-09-15T07:58:30
Green,Green,2023-09-15T07:58:30
Green,Green,2023-09-15T07:58:30
Green,Green,2023-09-15T07:58:30
Green,Green,2023-09-15T07:58:30
Green,Green,2023-09-15T07:58:30
Green,Green,2023-09-16T07:58:30
Green,Green,2023-09-16T07:58:30
Green,Green,2023-09-16T07:58:30
Green,Green,2023-09-16T07:58:30
Green,Green,2023-09-16T07:58:30
Green,Green,2023-09-16T07:58:30
Green,Green,2023-09-16T07:58:30
Green,Green,2023-09-16T07:58:30
Green,Green,2023-09-16T07:58:30
Green,Green,2023-09-16T07:58:30
Green,Green,2023-09-16T07:58:30
Green,Green,2023-09-17T07:58:30
Green,Green,2023-09-17T07:58:30
Green,Green,2023-09-17T07:58:30
Green,Green,2023-09-17T07:58:30
Green,Green,2023-09-17T07:58:30
Green,Green,2023-09-17T07:58:30
Green,Green,2023-09-17T07:58:30
Green,Green,2023-09-17T18:58:30
Red,Red,2023-09-17T18:58:30
Red,Red,2023-09-17T18:58:30
Red,Red,2023-09-17T18:58:30
Red,Red,2023-09-17T18:58:30
Red,Red,2023-09-17T18:58:30
Red,Red,2023-09-17T18:58:30
Green,Red,2023-09-17T18:58:30
Green,Red,2023-09-17T18:58:30
Green,Red,2023-09-17T18:58:30
Green,Red,2023-09-17T18:58:30
Green,Red,2023-09-17T18:58:30
Green,Red,2023-09-17T18:58:30
Green,Red,2023-09-18T18:58:30